[
  { "city": "Buffalo", "team": "Bills" },
  { "city": "Miami", "team": "Dolphins" },
  { "city": "New England", "team": "Patriots" },
  { "city": "New York", "team": "Jets" },
  { "city": "Baltimore", "team": "Ravens" },
  { "city": "Cincinnati", "team": "Bengals" },
  { "city": "Cleveland", "team": "Browns" },
  { "city": "Pittsburgh", "team": "Steelers" },
  { "city": "Houston", "team": "Texans" },
  { "city": "Indianapolis", "team": "Colts" },
  { "city": "Jacksonville", "team": "Jaguars" },
  { "city": "Tennessee", "team": "Titans" },
  { "city": "Denver", "team": "Broncos" },
  { "city": "Kansas City", "team": "Chiefs" },
  { "city": "Las Vegas", "team": "Raiders" },
  { "city": "Los Angeles", "team": "Chargers" },
  { "city": "Dallas", "team": "Cowboys" },
  { "city": "New York", "team": "Giants" },
  { "city": "Philadelphia", "team": "Eagles" },
  { "city": "Washington", "team": "Commanders" },
  { "city": "Chicago", "team": "Bears" },
  { "city": "Detroit", "team": "Lions" },
  { "city": "Green Bay", "team": "Packers" },
  { "city": "Minnesota", "team": "Vikings" },
  { "city": "Atlanta", "team": "Falcons" },
  { "city": "Carolina", "team": "Panthers" },
  { "city": "New Orleans", "team": "Saints" },
  { "city": "Tampa Bay", "team": "Buccaneers" },
  { "city": "Arizona", "team": "Cardinals" },
  { "city": "Los Angeles", "team": "Rams" },
  { "city": "San Francisco", "team": "49ers" },
  { "city": "Seattle", "team": "Seahawks" }
]
